{
    "1.3.5": {
        "global": [
            {
                "type": "Upgrade",
                "description": "Error messages are more accurate"
            }
        ],
        "clio":[
            {
                "type": "New",
                "description": "Support user setting customization with logging time entry and non-billable default values"
            }
        ]
    },
    "1.3.4": {
        "global": [
            {
                "type": "Upgrade",
                "description": "More accurate call info, including better tracking on call recording link save status"
            },
            {
                "type": "New",
                "description": "Call info details can be selectively logged based on new toggles in user settings"
            },
            {
                "type": "New",
                "description": "(RingCentral AI license only) Smart Notes to be enabled in user advanced settings"
            },
            {
                "type": "Fix",
                "description": "Admin users can see admin tab on first login now"
            }
        ],
        "bullhorn": [
            {
                "type": "Beta",
                "description": "Server side logging (need to be enabled in admin setting, and not to be used with client side auto logging)"
            },
            {
                "type": "New",
                "description": "Heartbeat mechanism for auth check. It reminds you if auth becomes invalid"
            },
            {
                "type": "New",
                "description": "Lead support"
            }
        ]
    },
    "1.3.3": {
        "global": [
            {
                "type": "Update",
                "description": "- This extension's name is now changed to RingCentral App Connect"
            },
            {
                "type": "Fix",
                "description": "- (for Clio and Insightly user only) Overriding phone number format missing issue"
            },
            {
                "type": "Fix",
                "description": "- Auto pop up log page after call setting not working"
            },
            {
                "type": "Fix",
                "description": "- Inbound call contact pop not working"
            },
            {
                "type": "Fix",
                "description": "- Admin icon in dark theme"
            }
        ]
    },
    "1.3.2": {
        "global": [
            {
                "type": "New",
                "description": "- User setting inside call pop to control behavior of multiple matched contacts (disabled, all open, prompt to select)"
            },
            {
                "type": "Fix",
                "description": "- SMS logging issue"
            },
            {
                "type": "Fix",
                "description": "- Auto open extension now only opens when main page is opened"
            }
        ]
    },
    "1.3.1": {
        "global": [
            {
                "type": "New",
                "description": "- (Only for admin users) Admin tools. Admins have an extra tab in the extension to control end users' settings"
            },
            {
                "type": "Fix",
                "description": "- SMS logging date format"
            }
        ]
    },
    "1.2.0": {
        "global": [
            {
                "type": "Fix",
                "description": "- SMS log issue"
            },
            {
                "type": "Fix",
                "description": "- Missing recording link when doing retroactive auto call logging"
            }
        ],
        "bullhorn": [
            {
                "type": "New",
                "description": "- New user setting to allow custom action note"
            }
        ]
    },
    "1.1.4": {
        "global": [
            {
                "type": "Fix",
                "description": "- Auto log association"
            },
            {
                "type": "New",
                "description": "- User setting in advanced features to turn on 'Auto open extension' to open itself when opening a CRM page"
            }
        ],
        "redtail": [
            {
                "type": "Fix",
                "description": "- Domain matching"
            }
        ],
        "bullhorn": [
            {
                "type": "Fix",
                "description": "- Default SMS note action issue"
            },
            {
                "type": "Fix",
                "description": "- Message log timezone issue"
            }
        ]
    },
    "1.1.2": {
        "global": [
            {
                "type": "Change",
                "description": "- Auto pop up log page is not dependent on auto log setting anymore"
            }
        ]
    },
    "1.1.1": {
        "global": [
            {
                "type": "Fix",
                "description": "- Call/SMS logging issue"
            }
        ],
        "bullhorn": [
            {
                "type": "Message",
                "description": "- There has been a fix for unstable Bullhorn authorization. Please disconnect -> refresh Bullhorn page -> re-connect if you haven't done it."
            }
        ]
    },
    "1.1.0": {
        "global": [
            {
                "type": "New",
                "description": "- Show error page when CRM initialization fails"
            },
            {
                "type": "Better",
                "description": "- Use local cached contact info to avoid rate limit issue"
            },
            {
                "type": "Better",
                "description": "- Auto call log now supports retrospectively logging up to 100 unlogged records upon extension open"
            }
        ],
        "bullhorn": [
            {
                "type": "Better",
                "description": "- Default note action matching ignores case and spaces"
            },
            {
                "type": "Fix",
                "description": "- (It's suggested to disconnect -> refresh Bullhorn page -> connect back again)Issue of session becoming invalid due to user id confusion"
            }
        ]
    },
    "1.0.10": {
        "global": [
            {
                "type": "Change",
                "description": "- Unreolved tab is removed now. To check out unlogged calls, there's now a filter on call history page"
            },
            {
                "type": "Change",
                "description": "- Updated notification UI"
            },
            {
                "type": "Fix",
                "description": "- Numbers can now be copied from call page and call history page"
            },
            {
                "type": "Fix",
                "description": "- Click-to-dial now supports detecting phone numbers in input fields"
            },
            {
                "type": "Fix",
                "description": "- Click-to-dial now supports detecting extension numbers with format as eg. +13334445555#134"
            }
        ]
    },
    "1.0.9": {
        "global": [
            {
                "type": "New",
                "description": "- Call history page now has a search bar with filters"
            },
            {
                "type": "New",
                "description": "- Contact pop settings now support both inbound and outbound calls on different timings"
            },
            {
                "type": "New",
                "description": "- RingCentral team message is added as a new tab (might get delayed to show up)"
            }
        ]
    },
    "1.0.8": {
        "global": [
            {
                "type": "New",
                "description": "- More historical call records can be viewed from call history page with 'Load more' button"
            }
        ]
    },
    "1.0.7": {
        "global": [
            {
                "type": "Fix",
                "description": "- Incoming call pop contact page fixed"
            }
        ]
    },
    "1.0.6": {
        "global": [
            {
                "type": "Better",
                "description": "- User settings are organized in a better way"
            },
            {
                "type": "New",
                "description": "- Support page is added to user settings"
            },
            {
                "type": "New",
                "description": "- Community forum is created, can be accessed via support page -> 'Get support'"
            }
        ],
        "clio": [
            {
                "type": "Better",
                "description": "- Number formatters are in user setting contact page now"
            }
        ],
        "insightly": [
            {
                "type": "Better",
                "description": "- Number formatters are in user setting contact page now"
            }
        ]
    },
    "1.0.5": {
        "global": [
            {
                "type": "Fix",
                "description": "- SMS template remembers orders after close"
            }
        ],
        "bullhorn": [
            {
                "type": "Better",
                "description": "- Bullhorn now has Voicemail default note action"
            }
        ]
    },
    "1.0.4": {
        "global": [
            {
                "type": "New",
                "description": "- An About page in user settings to show info and helper links"
            },
            {
                "type": "Better",
                "description": "- Factor reset now also cleans up unresolved conflicts"
            },
            {
                "type": "Better",
                "description": "- SMS template supports drag and drop to arrange item orders"
            }
        ]
    },
    "1.0.3": {
        "global": [
            {
                "type": "Better",
                "description": "- Use SMS template that syncs with RingCentral App's SMS template"
            },
            {
                "type": "New",
                "description": "- Show notification when a call recording link is uploaded"
            }
        ]
    },
    "1.0.2": {
        "global": [
            {
                "type": "Fix",
                "description": "- SMS template cannot apply issue"
            },
            {
                "type": "New",
                "description": "- Factory Reset button in user settings"
            }
        ]
    },
    "1.0.1": {
        "global": [
            {
                "type": "Fix",
                "description": "- RingCentral sign in issue where pop up sign in window is stuck at loading screen"
            },
            {
                "type": "Better",
                "description": "- Auto log conflict messages now contain more meaningful info"
            }
        ],
        "bullhorn": [
            {
                "type": "Better",
                "description": "- Default Note Action is now moved to User Settings where you can setup default actions. Can also work for auto log."
            }
        ]
    },
    "1.0.0": {
        "global": [
            {
                "type": "New",
                "description": "- Auto log with conflict resolver"
            },
            {
                "type": "New",
                "description": "- Manual refersh contact info with button"
            },
            {
                "type": "New",
                "description": "- Audio volume controls"
            },
            {
                "type": "Better",
                "description": "- SMS messages are now logged as in conversations per day"
            },
            {
                "type": "Better",
                "description": "- New UIs"
            },
            {
                "type": "Full list and video demo",
                "description": "https://ringcentral.github.io/rc-unified-crm-extension/release-notes/"
            }
        ]
    }
}